{
    "intents": [
      {
        "tag": "greeting",
        "patterns": ["Hi", "Hello", "How are you?", "Is anyone there?", "Hey"],
        "responses": ["Hello! How can I assist you today?", "Hi there, how can I help?", "Hey! What can I do for you today?"]
      },
      {
        "tag": "goodbye",
        "patterns": ["Bye", "Goodbye", "See you later", "Thanks, bye"],
        "responses": ["Goodbye! Have a great day!", "See you later! If you have more questions, feel free to ask!", "Goodbye, happy to assist!"]
      },
      {
        "tag": "internship_query",
        "patterns": ["Tell me about internships", "What internships are available?", "Internship programs?", "Are there internships?"],
        "responses": ["CodeSpaze offers internships in AI, Web Development, and Full Stack Development. Visit our website for more details.", "You can explore our internships on our site. We offer a variety of roles in software development."]
      },
      {
        "tag": "application_process",
        "patterns": ["How to apply?", "Application process", "How do I apply for an internship?", "Where can I apply?"],
        "responses": ["To apply for our internships or jobs, go to the careers section on the website and click 'Apply Now'.", "The application process is simple: visit our website, fill out the form, and submit your details."]
      },
      {
        "tag": "fresher_jobs",
        "patterns": ["Are there any fresher jobs?", "Do you have fresher openings?", "Jobs for freshers?", "Are there opportunities for fresh graduates?"],
        "responses": ["Yes, CodeSpaze regularly opens up roles for fresh graduates! Check our careers page for the latest job postings.", "We do have opportunities for freshers. Please visit our job listings page to explore available positions."]
      },
      {
        "tag": "thanks",
        "patterns": ["Thanks", "Thank you", "Appreciate it", "Thanks a lot"],
        "responses": ["You're welcome!", "Glad to be of help!", "You're very welcome! Feel free to ask more if needed."]
      }
    ]
  }
  